<?xml version="1.0" encoding="UTF-8"?>
<?xml-stylesheet href="textbook.xsl" type="text/xsl"?>

<bookList xmlns:xsd = "http://www.w3.org/2000/10/XMLSchema-instance" xmlns="textbook.xsd">
    <book>
        <title> Hands-On Machine Learning with Scikit-Learn, Keras, and TensorFlow </title>
        <author>
            <firstName> Aurélien</firstName>
            <lastName> Géron </lastName>
        </author>
        <publisher>
            <name> O'Reilly Media </name>
            <website> https://www.oreilly.com/ </website>
        </publisher>
        <yearOfPublication> 2019 </yearOfPublication>
        <isbn> 9781492032649 </isbn>
        <edition> Second </edition>
        <coverType> Digital </coverType>
    </book>

    <book>
        <title> Digital Signal Processing: A Computer Based Approach </title>
        <author>
            <firstName> Sanjit K. </firstName>
            <lastName> Mitra </lastName>
        </author>
        <publisher>
            <name> McGraw-Hill Education </name>
            <website> https://www.mheducation.com/ </website>
        </publisher>
        <yearOfPublication> 2010 </yearOfPublication>
        <isbn> 9780077366766 </isbn>
        <edition> Fourth </edition>
        <coverType> Digital </coverType>
    </book>

    <book>
        <title> HTML and CSS: Design and Build Websites </title>
        <author>
            <firstName> Jon </firstName>
            <lastName> Duckett </lastName>
        </author>
        <publisher>
            <name> John Wiley and Sons, Inc. </name>
            <website> https://www.wiley.com/en-us </website>
        </publisher>
        <yearOfPublication> 2014 </yearOfPublication>
        <isbn> 9781118871645 </isbn>
        <edition> First </edition>
        <coverType> Hardcover </coverType>
    </book>

    <book>
        <title> JavaScript and jQuery: Interactive Front-End Web Development </title>
        <author>
            <firstName> Jon </firstName>
            <lastName> Duckett </lastName>
        </author>
        <publisher>
            <name> John Wiley and Sons, Inc. </name>
            <website> https://www.wiley.com/en-us </website>
        </publisher>
        <yearOfPublication> 2014 </yearOfPublication>
        <isbn> 9781118871652 </isbn>
        <edition> First </edition>
        <coverType> Hardcover </coverType>
    </book>
</bookList>